date,title,author,link,category
23.5.2026,Spanien verkleinert Antibiotika-Packungen,Sofia Zharinova,https://taz.de/die-gute-nachricht/!6177977&s=gute%2Bnachricht&SuchRahmen=Print/,health
16.5.2026,Immer mehr Länder führen Malaria-Impfung ein,Sofia Zharinova,https://taz.de/die-gute-nachricht/!6175567&s=gute%2Bnachricht&SuchRahmen=Print/,health
2.5.2026,"Wer mit Bus und Bahn pendelt, spart kräftig",Luis Bretthauer,https://taz.de/die-gute-nachricht/!6170765&s=gute%2Bnachricht&SuchRahmen=Print/,mobility_transport
25.4.2026,Die Welt braucht mehr Strom –das decken jetzt Erneuerbare,Lalon Sander,https://taz.de/die-gute-nachricht/!6170301&s=gute%2Bnachricht&SuchRahmen=Print/,climate_environment
18.4.2026,EU nimmt Kabelsalat vom Menü,Lilli Messer,https://taz.de/die-gute-nachricht/!6168203&s=gute%2Bnachricht&SuchRahmen=Print/,other
11.4.2026,So wenig Braunkohleabbau wie seit 112 Jahren nicht,Nick Reimer,https://taz.de/die-gute-nachricht/!6165898&s=gute%2Bnachricht&SuchRahmen=Print/,climate_environment
4.4.2026,Mehr Menschen erreichen ohne Abitur einen Hochschulabschluss,Leonard Kirschhöfer,https://taz.de/die-gute-nachricht/!6164590&s=gute%2Bnachricht&SuchRahmen=Print/,education
28.3.2026,In deutschen Städten fahren mehr Elektrobusse,Nanja Boenisch,https://taz.de/die-gute-nachricht/!6162890&s=gute%2Bnachricht&SuchRahmen=Print/,mobility_transport
21.3.2026,Chile gewinnt den Kampf gegen Lepra,Adefunmi Olanigan,https://taz.de/die-gute-nachricht/!6161507&s=gute%2Bnachricht&SuchRahmen=Print/,health
14.3.2026,Weniger Kinder erkranken schwer am RS-Virus,Luis Bretthauer,https://taz.de/die-gute-nachricht/!6157023&s=gute%2Bnachricht&SuchRahmen=Print/,health
28.2.2026,Die Ostsee bekommt frisches Wasser,Nick Reimer,https://taz.de/die-gute-nachricht/!6154472&s=gute%2Bnachricht&SuchRahmen=Print/,climate_environment
21.2.2026,Weniger alkoholbedingte Krankenhausaufenthalte,,https://taz.de/die-gute-nachricht/!6152729&s=gute%2Bnachricht&SuchRahmen=Print/,health
14.2.2026,In Deutschland boomen Batteriespeicher,Nick Reimer,https://taz.de/die-gute-nachricht/!6151061&s=gute%2Bnachricht&SuchRahmen=Print/,technology_science
7.2.2026,Weniger Menschen werden an Lungenkrebs sterben,Amélie Richter,https://taz.de/die-gute-nachricht/!6148166&s=gute%2Bnachricht&SuchRahmen=Print/,health
31.1.2026,China und Indien wenden sich von fossilem Strom ab,Lalon Sander,https://taz.de/die-gute-nachricht/!6147003&s=gute%2Bnachricht&SuchRahmen=Print/,climate_environment
24.1.2026,Nicht mehr im Taxi durch Paris,Rudolf Balmer,https://taz.de/die-gute-nachricht/!6144340&s=gute%2Bnachricht&SuchRahmen=Print/,mobility_transport
17.1.2026,Das Ozonloch schrumpft schneller als erwartet,Yannik Achternbosch,https://taz.de/die-gute-nachricht/!6142366&s=gute%2Bnachricht&SuchRahmen=Print/,climate_environment
10.1.2026,Hessens Landesbedienstete fahren weniger Auto,Clara Dünkler,https://taz.de/die-gute-nachricht/!6140131&s=gute%2Bnachricht&SuchRahmen=Print/,mobility_transport
3.1.2026,In Frankfurt kiffen Schü­le­r:in­nen weniger,Alexander Diehl,https://taz.de/die-gute-nachricht/!6138492&s=gute%2Bnachricht&SuchRahmen=Print/,other
27.12.2025,Die Mehrheit der Deutschen ist bereit für kontroverse Gespräche,Yannik Achternbosch,https://taz.de/die-gute-nachricht/!6137288&s=gute%2Bnachricht&SuchRahmen=Print/,other
13.12.2025,Der Gender Gap unter ­Grundschüle­r:in­nen wird kleiner,Elias Batz,https://taz.de/die-gute-nachricht/!6134519&s=gute%2Bnachricht&SuchRahmen=Print/,education
6.12.2025,Die Menschen in Deutschland gehen mehr zu Fuß,Lino Wimmer,https://taz.de/die-gute-nachricht/!6127298&s=gute%2Bnachricht&SuchRahmen=Print/,mobility_transport
29.11.2025,Mehr Organisationen steigen aus fossilen Geschäften aus,Lino Wimmer,https://taz.de/die-gute-nachricht/!6129915&s=gute%2Bnachricht&SuchRahmen=Print/,climate_environment
22.11.2025,Immer mehr Ukrai­ne­r*in­nen in Deutschland haben einen Job,Frederik Eikmanns,https://taz.de/die-gute-nachricht/!6126549&s=gute%2Bnachricht&SuchRahmen=Print/,economy_work
15.11.2025,Vegan im Einkaufskorb ist günstiger als die tierischen Alternativen,Chiara Bachels,https://taz.de/die-gute-nachricht/!6123572&s=gute%2Bnachricht&SuchRahmen=Print/,food_agriculture
8.11.2025,Irland führt Grundeinkommen für Künst­le­r*in­nen ein,Katharina Federl,https://taz.de/die-gute-nachricht/!6123416&s=gute%2Bnachricht&SuchRahmen=Print/,economy_work
1.11.2025,So viele Schulmahlzeiten wie nie,Raweel Nasir,https://taz.de/die-gute-nachricht/!6121464&s=gute%2Bnachricht&SuchRahmen=Print/,education
25.10.2025,Immer mehr ältere Menschen sind im Vereinssport aktiv,Clara-Sophia Müller,https://taz.de/die-gute-nachricht/!6119255&s=gute%2Bnachricht&SuchRahmen=Print/,culture_sports
18.10.2025,In Deutschland spenden mehr Menschen ihre Organe,Lino Wimmer,https://taz.de/die-gute-nachricht/!6116924&s=gute%2Bnachricht&SuchRahmen=Print/,health
11.10.2025,Genug Länder machen mit beim Schutz der Hochsee,Lino Wimmer,https://taz.de/die-gute-nachricht/!6116265&s=gute%2Bnachricht&SuchRahmen=Print/,climate_environment
4.10.2025,Mehr Nachwuchs fürs Lehrerzimmer,Birger Stepputtis,https://taz.de/die-gute-nachricht/!6114873&s=gute%2Bnachricht&SuchRahmen=Print/,education
27.9.2025,Afrikanische Länder kaufen viel mehr Solaranlagen,Lalon Sander,https://taz.de/die-gute-nachricht/!6112551&s=gute%2Bnachricht&SuchRahmen=Print/,climate_environment
20.9.2025,Weltweit sterben immer weniger Tiere für Pelze,Jannes Holtherm,https://taz.de/die-gute-nachricht/!6111265&s=gute%2Bnachricht&SuchRahmen=Print/,climate_environment
13.9.2025,Mehr Menschen mit Lipödem erhalten Zugang zu Therapie,Katharina Federl,https://taz.de/die-gute-nachricht/!6110039&s=gute%2Bnachricht&SuchRahmen=Print/,health
6.9.2025,E-Bikes sind oft ein Ersatz fürs Auto,Lalon Sander,https://taz.de/die-gute-nachricht/!6108911&s=gute%2Bnachricht&SuchRahmen=Print/,mobility_transport
30.8.2025,Weltweit sterben immer weniger Menschen durch Suizid,Jannes Holtherm,https://taz.de/die-gute-nachricht/!6107562&s=gute%2Bnachricht&SuchRahmen=Print/,health
23.8.2025,Veganes Angebot in Deutschlands Fußballstadien nimmt zu,Jannes Holtherm,https://taz.de/die-gute-nachricht/!6106030&s=gute%2Bnachricht&SuchRahmen=Print/,culture_sports
16.8.2025,In Helsinki gibt es seit einem Jahr keine Verkehrstoten,,https://taz.de/die-gute-nachricht/!6103370&s=gute%2Bnachricht&SuchRahmen=Print/,mobility_transport
9.8.2025,Betriebe übernehmen immer öfter ihre Azubis,Amelie Sittenauer,https://taz.de/die-gute-nachricht/!6102580&s=gute%2Bnachricht&SuchRahmen=Print/,education
2.8.2025,In Hamburg wächst die Zahl der Stadtbäume,Mitsuo Iwamoto,https://taz.de/die-gute-nachricht/!6101656&s=gute%2Bnachricht&SuchRahmen=Print/,climate_environment
26.7.2025,Im DFB kicken wieder mehr Mädchenteams,Marie Gogoll,https://taz.de/die-gute-nachricht/!6100503&s=gute%2Bnachricht&SuchRahmen=Print/,culture_sports
19.7.2025,Im Wattenmeer leben wieder mehr Kegelrobben,Yannik Achternbosch,https://taz.de/die-gute-nachricht/!6099832&s=gute%2Bnachricht&SuchRahmen=Print/,climate_environment
12.7.2025,Mehr junge Menschen werden Schornsteinfeger*innen,Clarissa Hofmann,https://taz.de/die-gute-nachricht/!6097165&s=gute%2Bnachricht&SuchRahmen=Print/,other
5.7.2025,Mehr Länder beschränken den Verkauf von E-Zigaretten und Vapes,Charlina Strelow,https://taz.de/die-gute-nachricht/!6095450&s=gute%2Bnachricht&SuchRahmen=Print/,health
28.6.2025,Diabetes-Typ-2-Fälle bei Kindern gehen wieder zurück,Charlina Strelow,https://taz.de/die-gute-nachricht/!6094268&s=gute%2Bnachricht&SuchRahmen=Print/,education
21.6.2025,Beim Kinderwunsch werden Mädchen weniger benachteiligt,Charlina Strelow,https://taz.de/die-gute-nachricht/!6092732&s=gute%2Bnachricht&SuchRahmen=Print/,education
14.6.2025,Immer mehr Frauen stehen an der Spitze deutscher Hochschulen,Lea Fiehler,https://taz.de/die-gute-nachricht/!6091883&s=gute%2Bnachricht&SuchRahmen=Print/,education
7.6.2025,Millionen Menschen leben dank Masernimpfung,Josefine Rein,https://taz.de/die-gute-nachricht/!6089901&s=gute%2Bnachricht&SuchRahmen=Print/,health
31.5.2025,Weniger Gebäude werden abgerissen,Tobias Wuertz,https://taz.de/die-gute-nachricht/!6088996&s=gute%2Bnachricht&SuchRahmen=Print/,other
24.5.2025,Immer mehr Eltern erziehen ohne körperliche Gewalt,Valerie Braungardt,https://taz.de/die-gute-nachricht/!6087647&s=gute%2Bnachricht&SuchRahmen=Print/,society_rights
17.5.2025,Immer mehr Kinder erleben ihren fünften Geburtstag,Tobias Bachmann,https://taz.de/die-gute-nachricht/!6086359&s=gute%2Bnachricht&SuchRahmen=Print/,education
10.5.2025,Immer mehr Menschen lernen schwimmen,Yannik Achternbosch,https://taz.de/die-gute-nachricht/!6084153&s=gute%2Bnachricht&SuchRahmen=Print/,education
3.5.2025,39 Prozent weniger Müll an Australiens Küsten,Tobias Wuertz,https://taz.de/die-gute-nachricht/!6081485&s=gute%2Bnachricht&SuchRahmen=Print/,climate_environment
26.4.2025,Weniger Leute sterben beim Marathon an Herzstillstand,Adefunmi Olanigan,https://taz.de/die-gute-nachricht/!6081813&s=gute%2Bnachricht&SuchRahmen=Print/,health
19.4.2025,Das Deutschlandticket holt Menschen aus den Autos in den Nahverkehr,Tobias Wuertz,https://taz.de/die-gute-nachricht/!6079343&s=gute%2Bnachricht&SuchRahmen=Print/,mobility_transport
12.4.2025,In Deutschland sterben immer weniger Frauen an Darmkrebs,Tobias Wuertz,https://taz.de/die-gute-nachricht/!6078346&s=gute%2Bnachricht&SuchRahmen=Print/,health
5.4.2025,Kinderzähne sind seltener von Karies befallen,Lena Schega,https://taz.de/die-gute-nachricht/!6077302&s=gute%2Bnachricht&SuchRahmen=Print/,education
29.3.2025,Mehr Auszubildende in der Pflege,Lena Schega,https://taz.de/die-gute-nachricht/!6076083&s=gute%2Bnachricht&SuchRahmen=Print/,education
22.3.2025,In Deutschland wird mehr Biogemüse geerntet,Henning Giesen,https://taz.de/die-gute-nachricht/!6074313&s=gute%2Bnachricht&SuchRahmen=Print/,food_agriculture
15.3.2025,Immer weniger Menschen rauchen,Dunja Batarilo,https://taz.de/die-gute-nachricht/!6072538&s=gute%2Bnachricht&SuchRahmen=Print/,health
1.3.2025,Ham­bur­ge­r*in­nen haben mehr Deutschlandtickets als Autos,Marie Gogoll,https://taz.de/die-gute-nachricht/!6069902&s=gute%2Bnachricht&SuchRahmen=Print/,mobility_transport
22.2.2025,Seit 2024 protestieren mehr als 6 Millionen Menschen gegen rechts,Lalon Sander,https://taz.de/die-gute-nachricht/!6068239&s=gute%2Bnachricht&SuchRahmen=Print/,society_rights
15.2.2025,Der Anspruch auf Mutterschutz nach einer Fehlgeburt wird ausgeweitet,Yannik Achternbosch,https://taz.de/die-gute-nachricht/!6066698&s=gute%2Bnachricht&SuchRahmen=Print/,health
8.2.2025,Lithium-Ionen-Akkus werden günstiger,,https://taz.de/die-gute-nachricht/!6065554&s=gute%2Bnachricht&SuchRahmen=Print/,other
1.2.2025,Die Justiz holt mehr Geld aus Straftaten zurück,Christian Rath,https://taz.de/die-gute-nachricht/!6063184&s=gute%2Bnachricht&SuchRahmen=Print/,economy_work
25.1.2025,Deutschland genehmigt so viel Windkraft wie noch nie,Lalon Sander,https://taz.de/die-gute-nachricht/!6061795&s=gute%2Bnachricht&SuchRahmen=Print/,climate_environment
18.1.2025,Im Januar wird deutlich weniger Alkohol als im Dezember verkauft,Johanna Weinz,https://taz.de/die-gute-nachricht/!6059621&s=gute%2Bnachricht&SuchRahmen=Print/,health
11.1.2025,Weltweit können mehr Menschen lesen und schreiben,Ralf Pauli,https://taz.de/die-gute-nachricht/!6058249&s=gute%2Bnachricht&SuchRahmen=Print/,education
4.1.2025,Junge Frauen sterben seltener an Gebärmutterhalskrebs,Johanna Weinz,https://taz.de/die-gute-nachricht/!6056762&s=gute%2Bnachricht&SuchRahmen=Print/,health
28.12.2024,"Wer Hilfe von Freun­d*in­nen hat, bekommt Neujahrsvorsätze eher hin",Martin Mühl,https://taz.de/die-gute-nachricht/!6052882&s=gute%2Bnachricht&SuchRahmen=Print/,other
21.12.2024,Verspätete Weihnachtsgeschenke sind nur halb so schlimm,Marco Fründt,https://taz.de/die-gute-nachricht/!6052797&s=gute%2Bnachricht&SuchRahmen=Print/,other
14.12.2024,Deutsche Supermärkte schmeißen weniger weg,Sophie Fichtner,https://taz.de/die-gute-nachricht/!6054053&s=gute%2Bnachricht&SuchRahmen=Print/,other
7.12.2024,Immer weniger Menschen in Deutschland sind überschuldet,Martin Mühl,https://taz.de/die-gute-nachricht/!6051171&s=gute%2Bnachricht&SuchRahmen=Print/,economy_work
30.11.2024,Jugendliche trinken später,Marco Fründt,https://taz.de/die-gute-nachricht/!6049642&s=gute%2Bnachricht&SuchRahmen=Print/,other
23.11.2024,Die Treibhausgasemissionen in der EU sinken,Lalon Sander,https://taz.de/die-gute-nachricht/!6048092&s=gute%2Bnachricht&SuchRahmen=Print/,climate_environment
16.11.2024,Neuigkeiten aus der Wissenschaft erreichen mehr Menschen,Manfred Ronzheimer,https://taz.de/die-gute-nachricht/!6046731&s=gute%2Bnachricht&SuchRahmen=Print/,technology_science
9.11.2024,Ägypten hat Malaria besiegt,Adefunmi Olanigan,https://taz.de/die-gute-nachricht/!6045271&s=gute%2Bnachricht&SuchRahmen=Print/,health
2.11.2024,Junge Menschen glauben an ihre berufliche Zukunft,Martin Mühl,https://taz.de/die-gute-nachricht/!6044513&s=gute%2Bnachricht&SuchRahmen=Print/,economy_work
26.10.2024,Bei den erneuerbaren Energien entstehen viele neue Jobs,Lalon Sander,https://taz.de/die-gute-nachricht/!6043141&s=gute%2Bnachricht&SuchRahmen=Print/,climate_environment
19.10.2024,Mehr Frauen gewinnen Nobelpreise,Adefunmi Olanigan,https://taz.de/die-gute-nachricht/!6041042&s=gute%2Bnachricht&SuchRahmen=Print/,society_rights
12.10.2024,Der Kohleausstieg in Europa läuft,Nick Reimer,https://taz.de/die-gute-nachricht/!6039633&s=gute%2Bnachricht&SuchRahmen=Print/,climate_environment
5.10.2024,Es wird mehr alkoholfreies Bier getrunken,Yannik Achternbosch,https://taz.de/die-gute-nachricht/!6038303&s=gute%2Bnachricht&SuchRahmen=Print/,health
28.9.2024,In immer mehr Ländern gibt es einen Zuschuss für Reparaturen,Yannik Achternbosch,https://taz.de/die-gute-nachricht/!6036570&s=gute%2Bnachricht&SuchRahmen=Print/,climate_environment
21.9.2024,Koloniale Symbole verschwinden aus Länderwappen,Simon Barmann,https://taz.de/die-gute-nachricht/!6036010&s=gute%2Bnachricht&SuchRahmen=Print/,climate_environment
14.9.2024,In Deutschland praktizieren mehr Ärz­t*in­nen aus dem Ausland,Franca Parianen,https://taz.de/die-gute-nachricht/!6033912&s=gute%2Bnachricht&SuchRahmen=Print/,other
7.9.2024,In NRW leben wieder mehr Weißstörche,Katharina Federl,https://taz.de/die-gute-nachricht/!6032260&s=gute%2Bnachricht&SuchRahmen=Print/,climate_environment
31.8.2024,Deutsche verbrauchen immer weniger Trinkwasser,Katharina Federl,https://taz.de/die-gute-nachricht/!6030762&s=gute%2Bnachricht&SuchRahmen=Print/,climate_environment
24.8.2024,Immer mehr Menschen in Deutschland bewegen sich,Jerrit Schlosser,https://taz.de/die-gute-nachricht/!6029516&s=gute%2Bnachricht&SuchRahmen=Print/,other
17.8.2024,Weniger Plastiktütenan britischen Stränden,Jerrit Schlosser,https://taz.de/die-gute-nachricht/!6028054&s=gute%2Bnachricht&SuchRahmen=Print/,climate_environment
10.8.2024,Es gibt immer mehr Sammelstellen für Muttermilch,Katharina Federl,https://taz.de/die-gute-nachricht/!6026583&s=gute%2Bnachricht&SuchRahmen=Print/,food_agriculture
3.8.2024,Jugendliche lesen weiterhin Bücher,Katharina Federl,https://taz.de/die-gute-nachricht/!6025012&s=gute%2Bnachricht&SuchRahmen=Print/,culture_sports
27.7.2024,Der Iberische Luchs ist nicht mehr vom Aussterben bedroht,Marius Werz,https://taz.de/die-gute-nachricht/!6023621&s=gute%2Bnachricht&SuchRahmen=Print/,climate_environment
20.7.2024,Das Trachom ist weltweit auf dem Rückzug,Jerrit Schlosser,https://taz.de/die-gute-nachricht/!6022255&s=gute%2Bnachricht&SuchRahmen=Print/,health
13.7.2024,Immer mehr Fahr­rad­­fahrer:innen tragen einen Helm,Yannik Achternbosch,https://taz.de/die-gute-nachricht/!6020627&s=gute%2Bnachricht&SuchRahmen=Print/,mobility_transport
6.7.2024,In Deutschland wird genug geschlafen,Marius Werz,https://taz.de/die-gute-nachricht/!6019145&s=gute%2Bnachricht&SuchRahmen=Print/,health
29.6.2024,Die Lohnlücke schrumpft,Marius Werz,https://taz.de/die-gute-nachricht/!6017582&s=gute%2Bnachricht&SuchRahmen=Print/,economy_work
22.6.2024,Junge Menschen sind politischer,Adefunmi Olanigan,https://taz.de/die-gute-nachricht/!6015993&s=gute%2Bnachricht&SuchRahmen=Print/,society_rights
15.6.2024,Mehr Wärmepumpen heizen Neubauten,Anja Krüger,https://taz.de/die-gute-nachricht/!6015036&s=gute%2Bnachricht&SuchRahmen=Print/,climate_environment
8.6.2024,So viele neue Bür­ge­r*in­nen gab’s noch nie,Frederik Eikmanns,https://taz.de/die-gute-nachricht/!6013012&s=gute%2Bnachricht&SuchRahmen=Print/,other
1.6.2024,Umweltzonen verringern Asthma,Franca Parianen,https://taz.de/die-gute-nachricht/!6011418&s=gute%2Bnachricht&SuchRahmen=Print/,climate_environment
25.5.2024,In Deutschland wird weniger Käse gegessen,Yannik Achternbosch,https://taz.de/die-gute-nachricht/!6009928&s=gute%2Bnachricht&SuchRahmen=Print/,food_agriculture
18.5.2024,Immer mehr Länder verbieten Konversionstherapien,Katharina Höring,https://taz.de/die-gute-nachricht/!6008697&s=gute%2Bnachricht&SuchRahmen=Print/,health
11.5.2024,Mehr Menschen brechen mit Genderklischees bei Berufswahl,Katharina Höring,https://taz.de/die-gute-nachricht/!6007039&s=gute%2Bnachricht&SuchRahmen=Print/,economy_work
4.5.2024,Das Organspende-Register kommt an,Yannik Achternbosch,https://taz.de/die-gute-nachricht/!6005869&s=gute%2Bnachricht&SuchRahmen=Print/,health
27.4.2024,Das deutsche Fernsehen wird ein bisschen diverser,Yannik Achternbosch,https://taz.de/die-gute-nachricht/!6004780&s=gute%2Bnachricht&SuchRahmen=Print/,society_rights
20.4.2024,Die ersten EU-Länder erkennen Femizid als Straftatbestand an,Yannik Achternbosch,https://taz.de/die-gute-nachricht/!6003004&s=gute%2Bnachricht&SuchRahmen=Print/,society_rights
13.4.2024,Mehr Städte entkriminalisieren Fahren ohne Ticket,Katharina Höring,https://taz.de/die-gute-nachricht/!6001308&s=gute%2Bnachricht&SuchRahmen=Print/,mobility_transport
6.4.2024,Biogemüse wächst auf mehr Acker,Sophie Fichtner,https://taz.de/die-gute-nachricht/!6000134&s=gute%2Bnachricht&SuchRahmen=Print/,food_agriculture
30.3.2024,Erstmals treten 50 Prozent Frauen bei Olympia an,Sophie Fichtner,https://taz.de/die-gute-nachricht/!5998057&s=gute%2Bnachricht&SuchRahmen=Print/,society_rights
23.3.2024,Balkon-­kraftwerke boomen,Lalon Sander,https://taz.de/die-gute-nachricht/!5997350&s=gute%2Bnachricht&SuchRahmen=Print/,climate_environment
16.3.2024,In Finnland gibt es kaum noch Menschen ohne Wohnung,Benjamin Fischer,https://taz.de/die-gute-nachricht/!5995923&s=gute%2Bnachricht&SuchRahmen=Print/,society_rights
9.3.2024,Kleinstädte entdecken Carsharing,Enno Schöningh,https://taz.de/die-gute-nachricht/!5994428&s=gute%2Bnachricht&SuchRahmen=Print/,mobility_transport
2.3.2024,Griechenland legalisiert die Ehe für alle,Maria Disman,https://taz.de/die-gute-nachricht/!5993290&s=gute%2Bnachricht&SuchRahmen=Print/,other
24.2.2024,Menschen würden fürs Klima zahlen,Enno Schöningh,https://taz.de/die-gute-nachricht/!5991734&s=gute%2Bnachricht&SuchRahmen=Print/,climate_environment
17.2.2024,Ärz­t*in­nen erkennen Endometriose häufiger,Anton Benz,https://taz.de/die-gute-nachricht/!5990199&s=gute%2Bnachricht&SuchRahmen=Print/,other
10.2.2024,Eine Zuckersteuer wirkt,Alena Wacenovsky,https://taz.de/die-gute-nachricht/!5988572&s=gute%2Bnachricht&SuchRahmen=Print/,economy_work
3.2.2024,Die Amazonas-Abholzung geht zurück,Lalon Sander,https://taz.de/die-gute-nachricht/!5987698&s=gute%2Bnachricht&SuchRahmen=Print/,climate_environment
27.1.2024,Unser Strom ist zur Hälfte grün,Anja Krüger,https://taz.de/die-gute-nachricht/!5985365&s=gute%2Bnachricht&SuchRahmen=Print/,climate_environment
20.1.2024,Auch in Westdeutschland sind Mütter häufiger erwerbstätig,Alena Wacenovsky,https://taz.de/die-gute-nachricht/!5984054&s=gute%2Bnachricht&SuchRahmen=Print/,other
13.1.2024,Wir produzieren weniger Müll,Alena Wacenovsky,https://taz.de/die-gute-nachricht/!5982720&s=gute%2Bnachricht&SuchRahmen=Print/,climate_environment
6.1.2024,Die Straßen werden sicherer,Dunja Batarilo,https://taz.de/die-gute-nachricht/!5981379&s=gute%2Bnachricht&SuchRahmen=Print/,other
30.12.2023,Anzahl der Versuchstiere sinkt im dritten Jahr in Folge,Hanna Kopp,https://taz.de/die-gute-nachricht/!5979595&s=gute%2Bnachricht&SuchRahmen=Print/,climate_environment
23.12.2023,Weniger Weihnachtsbäume werden importiert,Leyli Nouri,https://taz.de/die-gute-nachricht/!5979117&s=gute%2Bnachricht&SuchRahmen=Print/,climate_environment
16.12.2023,Weniger Menschen stecken sich weltweit mit HIV an,Yannik Achternbosch,https://taz.de/die-gute-nachricht/!5977466&s=gute%2Bnachricht&SuchRahmen=Print/,health
9.12.2023,Weniger Feinstaub liegt in der Luft,Melina Moehring,https://taz.de/die-gute-nachricht/!5976667&s=gute%2Bnachricht&SuchRahmen=Print/,climate_environment
2.12.2023,Arbeiten in Deutschland wird sicherer,Sophie Fichtner,https://taz.de/die-gute-nachricht/!5973706&s=gute%2Bnachricht&SuchRahmen=Print/,economy_work
25.11.2023,Forscher finden immer weiter entfernte Planeten,Konrad Bierl,https://taz.de/die-gute-nachricht/!5972544&s=gute%2Bnachricht&SuchRahmen=Print/,technology_science
18.11.2023,Immer mehr Betriebe bieten eine Vier-Tage-Woche an,Elisa Pfleger,https://taz.de/die-gute-nachricht/!5970951&s=gute%2Bnachricht&SuchRahmen=Print/,other
11.11.2023,Mehr Betriebe kümmern sich um die Gesundheit des Personals,Anastasia Zejneli,https://taz.de/die-gute-nachricht/!5969252&s=gute%2Bnachricht&SuchRahmen=Print/,health
4.11.2023,TikTok macht Books hot,Alexandra Hilpert,https://taz.de/die-gute-nachricht/!5968019&s=gute%2Bnachricht&SuchRahmen=Print/,other
28.10.2023,Europas größtes Gasfeld wird geschlossen,Yannik Achternbosch,https://taz.de/die-gute-nachricht/!5966591&s=gute%2Bnachricht&SuchRahmen=Print/,climate_environment
21.10.2023,Mehr Auszubildende entscheiden sich für grüne Berufe,Melina Moehring,https://taz.de/die-gute-nachricht/!5964981&s=gute%2Bnachricht&SuchRahmen=Print/,economy_work
14.10.2023,Nashörner trotzen Wilderern,Yannik Achternbosch,https://taz.de/die-gute-nachricht/!5963323&s=gute%2Bnachricht&SuchRahmen=Print/,climate_environment
7.10.2023,Parlamente werden weiblicher,Malina Dittrich,https://taz.de/die-gute-nachricht/!5962028&s=gute%2Bnachricht&SuchRahmen=Print/,society_rights
30.9.2023,Das Lastenrad boomt,Sean-Elias Ansa,https://taz.de/die-gute-nachricht/!5960806&s=gute%2Bnachricht&SuchRahmen=Print/,mobility_transport
23.9.2023,Viele bedrohte Pflanzen könnten in Gärten gerettet werden,Anton Benz,https://taz.de/die-gute-nachricht/!5959206&s=gute%2Bnachricht&SuchRahmen=Print/,climate_environment
16.9.2023,Immer mehr ausländische Abschlüsse werden anerkannt,Jean Dumler,https://taz.de/die-gute-nachricht/!5957935&s=gute%2Bnachricht&SuchRahmen=Print/,other
9.9.2023,Londons Umweltzone wird größer,Tabea Kirchner,https://taz.de/die-gute-nachricht/!5956379&s=gute%2Bnachricht&SuchRahmen=Print/,climate_environment
2.9.2023,Immer mehr Männer werden Erzieher,Nicole Opitz,https://taz.de/die-gute-nachricht/!5954763&s=gute%2Bnachricht&SuchRahmen=Print/,education
26.8.2023,DAX-Vorstände kriegen weniger Kohle,Simon Poelchau,https://taz.de/die-gute-nachricht/!5952684&s=gute%2Bnachricht&SuchRahmen=Print/,climate_environment
19.8.2023,Es wird immer mehr gegen das Rauchen unternommen,Marlena Wessollek,https://taz.de/die-gute-nachricht/!5950496&s=gute%2Bnachricht&SuchRahmen=Print/,health
12.8.2023,Menschen machen seltener Überstunden als vor 20 Jahren,Eva Keller,https://taz.de/die-gute-nachricht/!5949679&s=gute%2Bnachricht&SuchRahmen=Print/,economy_work
5.8.2023,Der Kākāpō ist nicht mehr am Arsch,Salome Neumann,https://taz.de/die-gute-nachricht/!5944234&s=gute%2Bnachricht&SuchRahmen=Print/,climate_environment
29.7.2023,Weniger Menschen müssen wegen Flüssigkeitsmangels ins Krankenhaus,Salome Neumann,https://taz.de/die-gute-nachricht/!5947587&s=gute%2Bnachricht&SuchRahmen=Print/,health
22.7.2023,China baut Erneuerbare schneller aus als geplant,Leon Holly,https://taz.de/die-gute-nachricht/!5946712&s=gute%2Bnachricht&SuchRahmen=Print/,climate_environment
15.7.2023,Mehr Meer unter Schutz,Alexandra Hilpert,https://taz.de/die-gute-nachricht/!5944662&s=gute%2Bnachricht&SuchRahmen=Print/,climate_environment
8.7.2023,Weniger Menschen arbeiten für Niedriglohn,Alexandra Hilpert,https://taz.de/die-gute-nachricht/!5943098&s=gute%2Bnachricht&SuchRahmen=Print/,economy_work
1.7.2023,Europas Badegewässer haben eine gute Qualität,Leon Holly,https://taz.de/die-gute-nachricht/!5941551&s=gute%2Bnachricht&SuchRahmen=Print/,climate_environment
24.6.2023,In Europa werden mehr Bienen für die Landwirtschaft gehalten,Nanja Boenisch,https://taz.de/die-gute-nachricht/!5939814&s=gute%2Bnachricht&SuchRahmen=Print/,economy_work
17.6.2023,Fleischersatzprodukteboomen in Deutschland,Tim Kemmerling,https://taz.de/die-gute-nachricht/!5937125&s=gute%2Bnachricht&SuchRahmen=Print/,food_agriculture
10.6.2023,Mehr Menschen nutzen die Bahn für Reisen ins Ausland,Tim Kemmerling,https://taz.de/die-gute-nachricht/!5938573&s=gute%2Bnachricht&SuchRahmen=Print/,mobility_transport
3.6.2023,Brasilien schützt wieder mehr indigene Gebiete,Fernanda Thome,https://taz.de/die-gute-nachricht/!5935630&s=gute%2Bnachricht&SuchRahmen=Print/,society_rights
27.5.2023,"Die Zahl der Menschen, die Schutz in Deutschland finden, steigt",Lalon Sander,https://taz.de/die-gute-nachricht/!5934394&s=gute%2Bnachricht&SuchRahmen=Print/,society_rights
20.5.2023,Die Lieferketten funktionieren wieder besser,Moritz Müllender,https://taz.de/die-gute-nachricht/!5933073&s=gute%2Bnachricht&SuchRahmen=Print/,economy_work
13.5.2023,Die Fahrradbranche boomt,Amelie Sittenauer,https://taz.de/die-gute-nachricht/!5931653&s=gute%2Bnachricht&SuchRahmen=Print/,mobility_transport
6.5.2023,In immer mehr Ländern wird queerer Sex entkriminalisiert,Nicole Opitz,https://taz.de/die-gute-nachricht/!5929947&s=gute%2Bnachricht&SuchRahmen=Print/,society_rights
29.4.2023,Mehr Länder sind frei von Malaria,Sean-Elias Ansa,https://taz.de/die-gute-nachricht/!5928947&s=gute%2Bnachricht&SuchRahmen=Print/,health
22.4.2023,Die Windkraft-Flaute ist vorbei,Lena Pinto,https://taz.de/die-gute-nachricht/!5926512&s=gute%2Bnachricht&SuchRahmen=Print/,climate_environment
15.4.2023,Mehr Väter bleiben zu Hause,Sophie Fichtner,https://taz.de/die-gute-nachricht/!5925340&s=gute%2Bnachricht&SuchRahmen=Print/,other
8.4.2023,Abschied von Benzin und Diesel,Franziska Gerneth,https://taz.de/die-gute-nachricht/!5923198&s=gute%2Bnachricht&SuchRahmen=Print/,mobility_transport
1.4.2023,Die Wildtiere breiten sich wieder in Europa aus,Sean-Elias Ansa,https://taz.de/die-gute-nachricht/!5922957&s=gute%2Bnachricht&SuchRahmen=Print/,climate_environment
25.3.2023,Die Zustimmung zum Klimaschutz steigt,Luise Strothmann,https://taz.de/die-gute-nachricht/!5921283&s=gute%2Bnachricht&SuchRahmen=Print/,climate_environment
18.3.2023,Immer mehr Kinder sind gegen HPV geimpft,Alexandra Hilpert,https://taz.de/die-gute-nachricht/!5920584&s=gute%2Bnachricht&SuchRahmen=Print/,education
11.3.2023,Auf immer mehr Flächen wird ökologisch geackert,Christopher Wandschneider,https://taz.de/die-gute-nachricht/!5918426&s=gute%2Bnachricht&SuchRahmen=Print/,climate_environment
4.3.2023,Die Luft in deutschen Städten wirdbesser,Nanja Boenisch,https://taz.de/die-gute-nachricht/!5917211&s=gute%2Bnachricht&SuchRahmen=Print/,climate_environment
25.2.2023,Deutschland wird fleischfreier,Dunja Batarilo,https://taz.de/die-gute-nachricht/!5915484&s=gute%2Bnachricht&SuchRahmen=Print/,food_agriculture
18.2.2023,"Saufen, bis der Arzt kommt? Das machen immer weniger",Sean-Elias Ansa,https://taz.de/die-gute-nachricht/!5913874&s=gute%2Bnachricht&SuchRahmen=Print/,other
11.2.2023,Durch sauberes Wasser ist der Parasit Guinea-Wurm fast verschwunden,Sean-Elias Ansa,https://taz.de/die-gute-nachricht/!5912266&s=gute%2Bnachricht&SuchRahmen=Print/,climate_environment
4.2.2023,Photovoltaik ist auf dem Vormarsch,Pia Pentzlin,https://taz.de/die-gute-nachricht/!5910597&s=gute%2Bnachricht&SuchRahmen=Print/,climate_environment
28.1.2023,"Das Risiko, an Krebs zu sterben, sinkt",Malene Gürgen,https://taz.de/die-gute-nachricht/!5909013&s=gute%2Bnachricht&SuchRahmen=Print/,health
21.1.2023,Der Union-Island-Gecko ist zurück,Alexandra Hilpert,https://taz.de/die-gute-nachricht/!5907417&s=gute%2Bnachricht&SuchRahmen=Print/,climate_environment
14.1.2023,Der Anteil weiblich besetzter Professuren ist gestiegen,Pia Pentzlin,https://taz.de/die-gute-nachricht/!5905314&s=gute%2Bnachricht&SuchRahmen=Print/,education
7.1.2023,Immer mehr Menschen haben Zugang zu Strom,Adefunmi Olanigan,https://taz.de/die-gute-nachricht/!5903456&s=gute%2Bnachricht&SuchRahmen=Print/,climate_environment
31.12.2022,Böller sind kein Importkracher,Sophie Fichtner,https://taz.de/die-gute-nachricht/!5901688&s=gute%2Bnachricht&SuchRahmen=Print/,other
24.12.2022,Ente ist out,Alexandra Hilpert,https://taz.de/die-gute-nachricht/!5901126&s=gute%2Bnachricht&SuchRahmen=Print/,food_agriculture
17.12.2022,Diesen Sommer sind weniger Menschen geflogen als vor Corona,Malene Gürgen,https://taz.de/die-gute-nachricht/!5900322&s=gute%2Bnachricht&SuchRahmen=Print/,mobility_transport
10.12.2022,Neubauten werden häufiger nachhaltig beheizt,,https://taz.de/die-gute-nachricht/!5898549&s=gute%2Bnachricht&SuchRahmen=Print/,climate_environment
3.12.2022,Der Anteil der Demenz­erkrankten sinkt,Enno Schöningh,https://taz.de/die-gute-nachricht/!5897189&s=gute%2Bnachricht&SuchRahmen=Print/,health
26.11.2022,Die meisten geplanten Kohlekraftwerke werden abgesagt,Lalon Sander,https://taz.de/die-gute-nachricht/!5894927&s=gute%2Bnachricht&SuchRahmen=Print/,climate_environment
19.11.2022,Das Ozonloch schrumpft weiter,Alexandra Hilpert,https://taz.de/die-gute-nachricht/!5893486&s=gute%2Bnachricht&SuchRahmen=Print/,climate_environment
12.11.2022,Australiens Buckelwale sind nicht mehr gefährdet,Malene Gürgen,https://taz.de/die-gute-nachricht/!5891775&s=gute%2Bnachricht&SuchRahmen=Print/,climate_environment
